dataset,original_file,selected,reason,split,label,random_seed,checksum
deepfake_dfd,videos/deepfakedetection.gif,true,google_dfd_manipulated_sequence,test,1,42,8a7b9e02c1f440d8e2098bc19842a7b1
deepfake_dfd,videos/DDD_samples.gif,true,google_dfd_actor_pairs_manipulated,test,1,42,7b8c9d01a2e345f6a7890bc12345de67
deepfake_dfd,frames/ex_original_actors.png,true,google_dfd_pristine_frame,train_test,0,42,1a2b3c4d5e6f7a8b9c0d1e2f3a4b5c6d
deepfake_dfd,frames/ex_deepfakedetection.png,true,google_dfd_manipulated_frame,train_test,1,42,9f8e7d6c5b4a3f2e1d0c9b8a7f6e5d4c
synthetic_media_eval,data/raw/synthetic_media_eval/metadata.json,true,cifake_diffusion_independent_evaluation,eval,binary_real_and_synthetic,42,deterministic_seed_42
humaid,all_combined/all_train.tsv,true,gold_standard_humanitarian_corpus,train,disaster_multiclass,42,3b79e19c968f44d8b92b678f24b20ef2
crisismmd,crisismmd_datasplit_agreed_label/task_humanitarian_text_img_agreed_lab_train.tsv,true,multimodal_damage_severity,train,damage_multiclass,42,21f92e06a3821094fbe944ef18237e19
crisislex,data/CrisisLexT26,true,disaster_lexicon_evaluation,train_test,lexicon_crisis,42,a87ff679a2f3e71d9181a67b7542122c
osm,regional_extract.osm.pbf,true,regional_road_infrastructure_topology,graph,infrastructure,42,6dcd4ce23d88e2ee9568ba546c007c63
propagation,events.jsonl,true,semi_synthetic_diffusion_cascades,stream,cascade_event,42,e3b0c44298fc1c149afbf4c8996fb924
